;ID_Estado;Estado;Region_Tipo;PIB;Año;Paro_Pct;Natalidad;AfD;CDU_CSU;FDP;LINKE;SPD;VERDES
0;1;Baden-Wurtemberg;Oeste;243387;1991;159318;1175280;0,0;46,5;12,3;0,3;29,1;5,7
1;1;Baden-Wurtemberg;Oeste;256691;1992;191970;1175590;0,0;46,5;12,3;0,3;29,1;5,7
2;1;Baden-Wurtemberg;Oeste;254219;1993;281496;1179820;0,0;46,5;12,3;0,3;29,1;5,7
3;1;Baden-Wurtemberg;Oeste;263619;1994;333416;1133980;0,0;43,3;9,9;0,8;30,7;9,6
4;1;Baden-Wurtemberg;Oeste;272298;1995;328298;1124590;0,0;43,3;9,9;0,8;30,7;9,6
5;1;Baden-Wurtemberg;Oeste;277785;1996;353919;1146570;0,0;43,3;9,9;0,8;30,7;9,6
6;1;Baden-Wurtemberg;Oeste;283800;1997;382008;1164190;0,0;43,3;9,9;0,8;30,7;9,6
7;1;Baden-Wurtemberg;Oeste;292882;1998;351464;1110560;0,0;37,8;8,8;1,0;35,6;9,2
8;1;Baden-Wurtemberg;Oeste;303578;1999;324710;1079730;0,0;37,8;8,8;1,0;35,6;9,2
9;1;Baden-Wurtemberg;Oeste;312002;2000;281500;1061820;0,0;37,8;8,8;1,0;35,6;9,2
10;1;Baden-Wurtemberg;Oeste;326842;2001;264301;1013660;0,0;37,8;8,8;1,0;35,6;9,2
11;1;Baden-Wurtemberg;Oeste;329266;2002;295005;996040;0,0;42,8;7,8;0,9;33,5;11,4
12;1;Baden-Wurtemberg;Oeste;333233;2003;336881;975960;0,0;42,8;7,8;0,9;33,5;11,4
13;1;Baden-Wurtemberg;Oeste;337641;2004;340943;966550;0,0;42,8;7,8;0,9;33,5;11,4
14;1;Baden-Wurtemberg;Oeste;340857;2005;385267;942790;0,0;39,2;11,9;3,8;30,1;10,7
15;1;Baden-Wurtemberg;Oeste;362670;2006;348697;919550;0,0;39,2;11,9;3,8;30,1;10,7
16;1;Baden-Wurtemberg;Oeste;382539;2007;271663;928230;0,0;39,2;11,9;3,8;30,1;10,7
17;1;Baden-Wurtemberg;Oeste;387488;2008;228646;919090;0,0;39,2;11,9;3,8;30,1;10,7
18;1;Baden-Wurtemberg;Oeste;359969;2009;284168;896780;0,0;34,4;18,8;7,2;19,3;13,9
19;1;Baden-Wurtemberg;Oeste;389865;2010;272656;906950;0,0;34,4;18,8;7,2;19,3;13,9
20;1;Baden-Wurtemberg;Oeste;412687;2011;226918;888230;0,0;34,4;18,8;7,2;19,3;13,9
21;1;Baden-Wurtemberg;Oeste;421341;2012;222202;894770;0,0;34,4;18,8;7,2;19,3;13,9
22;1;Baden-Wurtemberg;Oeste;432317;2013;233956;915050;5,2;45,7;6,2;4,8;20,6;11,0
23;1;Baden-Wurtemberg;Oeste;448946;2014;230372;956320;5,2;45,7;6,2;4,8;20,6;11,0
24;1;Baden-Wurtemberg;Oeste;468613;2015;227098;1002690;5,2;45,7;6,2;4,8;20,6;11,0
25;1;Baden-Wurtemberg;Oeste;483231;2016;226421;1074870;5,2;45,7;6,2;4,8;20,6;11,0
26;1;Baden-Wurtemberg;Oeste;506847;2017;212837;1073750;12,2;34,4;12,7;6,4;16,4;13,5
27;1;Baden-Wurtemberg;Oeste;526436;2018;195128;1089190;12,2;34,4;12,7;6,4;16,4;13,5
28;1;Baden-Wurtemberg;Oeste;536086;2019;196950;1089850;12,2;34,4;12,7;6,4;16,4;13,5
29;1;Baden-Wurtemberg;Oeste;516888;2020;259940;1080240;12,2;34,4;12,7;6,4;16,4;13,5
30;1;Baden-Wurtemberg;Oeste;555660;2021;247774;1135340;9,6;24,8;15,3;3,3;21,6;17,2
31;1;Baden-Wurtemberg;Oeste;595351;2022;223119;1045490;9,6;24,8;15,3;3,3;21,6;17,2
32;1;Baden-Wurtemberg;Oeste;631540;2023;245466;984190;9,6;24,8;15,3;3,3;21,6;17,2
33;1;Baden-Wurtemberg;Oeste;650225;2024;269990;975070;9,6;24,8;15,3;3,3;21,6;17,2
34;2;Baja Sajonia;Oeste;145213;1991;244283;831220;0,0;44,3;10,3;0,3;38,4;4,5
35;2;Baja Sajonia;Oeste;154134;1992;249792;836690;0,0;44,3;10,3;0,3;38,4;4,5
36;2;Baja Sajonia;Oeste;157046;1993;306848;845790;0,0;44,3;10,3;0,3;38,4;4,5
37;2;Baja Sajonia;Oeste;163902;1994;340822;815200;0,0;41,3;7,7;1,0;40,6;7,1
38;2;Baja Sajonia;Oeste;165557;1995;346948;809940;0,0;41,3;7,7;1,0;40,6;7,1
39;2;Baja Sajonia;Oeste;166744;1996;386244;836550;0,0;41,3;7,7;1,0;40,6;7,1
40;2;Baja Sajonia;Oeste;169683;1997;413832;859070;0,0;41,3;7,7;1,0;40,6;7,1
41;2;Baja Sajonia;Oeste;175456;1998;399572;822070;0,0;34,1;6,4;1,0;49,4;5,9
42;2;Baja Sajonia;Oeste;180028;1999;375604;804830;0,0;34,1;6,4;1,0;49,4;5,9
43;2;Baja Sajonia;Oeste;185794;2000;350932;794360;0,0;34,1;6,4;1,0;49,4;5,9
44;2;Baja Sajonia;Oeste;189301;2001;350249;752390;0,0;34,1;6,4;1,0;49,4;5,9
45;2;Baja Sajonia;Oeste;188285;2002;361839;731930;0,0;34,5;7,1;1,0;47,8;7,3
46;2;Baja Sajonia;Oeste;189900;2003;379736;705630;0,0;34,5;7,1;1,0;47,8;7,3
47;2;Baja Sajonia;Oeste;194871;2004;376657;703710;0,0;34,5;7,1;1,0;47,8;7,3
48;2;Baja Sajonia;Oeste;200378;2005;457109;669930;0,0;33,6;8,9;4,3;43,2;7,4
49;2;Baja Sajonia;Oeste;210086;2006;417847;653270;0,0;33,6;8,9;4,3;43,2;7,4
50;2;Baja Sajonia;Oeste;219654;2007;350932;653260;0,0;33,6;8,9;4,3;43,2;7,4
51;2;Baja Sajonia;Oeste;225331;2008;303269;648870;0,0;33,6;8,9;4,3;43,2;7,4
52;2;Baja Sajonia;Oeste;216589;2009;307226;622280;0,0;33,2;13,3;8,6;29,3;10,7
53;2;Baja Sajonia;Oeste;229928;2010;298652;631300;0,0;33,2;13,3;8,6;29,3;10,7
54;2;Baja Sajonia;Oeste;243311;2011;274707;612800;0,0;33,2;13,3;8,6;29,3;10,7
55;2;Baja Sajonia;Oeste;248968;2012;264543;614780;0,0;33,2;13,3;8,6;29,3;10,7
56;2;Baja Sajonia;Oeste;251809;2013;269207;628790;3,7;41,1;4,2;5,0;33,1;8,8
57;2;Baja Sajonia;Oeste;262927;2014;267624;664060;3,7;41,1;4,2;5,0;33,1;8,8
58;2;Baja Sajonia;Oeste;265503;2015;256434;671830;3,7;41,1;4,2;5,0;33,1;8,8
59;2;Baja Sajonia;Oeste;285288;2016;252574;752150;3,7;41,1;4,2;5,0;33,1;8,8
60;2;Baja Sajonia;Oeste;292612;2017;244260;730200;9,1;34,9;9,3;7,0;27,4;8,7
61;2;Baja Sajonia;Oeste;303764;2018;227834;736520;9,1;34,9;9,3;7,0;27,4;8,7
62;2;Baja Sajonia;Oeste;314460;2019;218123;732860;9,1;34,9;9,3;7,0;27,4;8,7
63;2;Baja Sajonia;Oeste;306655;2020;251377;741190;9,1;34,9;9,3;7,0;27,4;8,7
64;2;Baja Sajonia;Oeste;321135;2021;243021;764410;7,4;24,2;10,5;3,3;33,1;16,1
65;2;Baja Sajonia;Oeste;343641;2022;230553;712890;7,4;24,2;10,5;3,3;33,1;16,1
66;2;Baja Sajonia;Oeste;369147;2023;251873;671620;7,4;24,2;10,5;3,3;33,1;16,1
67;2;Baja Sajonia;Oeste;381267;2024;263090;656460;7,4;24,2;10,5;3,3;33,1;16,1
68;3;Baviera;Oeste;264017;1991;214780;1344000;0,0;51,9;8,7;0,2;26,7;4,6
69;3;Baviera;Oeste;284019;1992;243224;1339460;0,0;51,9;8,7;0,2;26,7;4,6
70;3;Baviera;Oeste;288542;1993;322667;1338970;0,0;51,9;8,7;0,2;26,7;4,6
71;3;Baviera;Oeste;298865;1994;360862;1278280;0,0;51,2;6,4;0,5;29,6;6,3
72;3;Baviera;Oeste;306896;1995;355881;1259950;0,0;51,2;6,4;0,5;29,6;6,3
73;3;Baviera;Oeste;312550;1996;401991;1293760;0,0;51,2;6,4;0,5;29,6;6,3
74;3;Baviera;Oeste;319670;1997;442283;1305170;0,0;51,2;6,4;0,5;29,6;6,3
75;3;Baviera;Oeste;333843;1998;415430;1265290;0,0;47,7;5,1;0,7;34,4;5,9
76;3;Baviera;Oeste;345892;1999;384587;1232440;0,0;47,7;5,1;0,7;34,4;5,9
77;3;Baviera;Oeste;359884;2000;339537;1207650;0,0;47,7;5,1;0,7;34,4;5,9
78;3;Baviera;Oeste;374123;2001;332569;1159640;0,0;47,7;5,1;0,7;34,4;5,9
79;3;Baviera;Oeste;383227;2002;386696;1138180;0,0;58,6;4,5;0,7;26,1;7,6
80;3;Baviera;Oeste;381725;2003;447262;1115360;0,0;58,6;4,5;0,7;26,1;7,6
81;3;Baviera;Oeste;394706;2004;449680;1111640;0,0;58,6;4,5;0,7;26,1;7,6
82;3;Baviera;Oeste;401696;2005;504980;1073080;0,0;49,2;9,5;3,4;25,5;7,9
83;3;Baviera;Oeste;419390;2006;446461;1048220;0,0;49,2;9,5;3,4;25,5;7,9
84;3;Baviera;Oeste;439362;2007;349826;1068700;0,0;49,2;9,5;3,4;25,5;7,9
85;3;Baviera;Oeste;442744;2008;276332;1062980;0,0;49,2;9,5;3,4;25,5;7,9
86;3;Baviera;Oeste;434878;2009;319197;1037100;0,0;42,5;14,7;6,5;16,8;10,8
87;3;Baviera;Oeste;459319;2010;299448;1052510;0,0;42,5;14,7;6,5;16,8;10,8
88;3;Baviera;Oeste;490973;2011;254359;1036680;0,0;42,5;14,7;6,5;16,8;10,8
89;3;Baviera;Oeste;504021;2012;248860;1070390;0,0;42,5;14,7;6,5;16,8;10,8
90;3;Baviera;Oeste;519911;2013;264532;1095620;4,3;49,3;5,1;3,8;20,0;8,4
91;3;Baviera;Oeste;541739;2014;264603;1139350;4,3;49,3;5,1;3,8;20,0;8,4
92;3;Baviera;Oeste;564087;2015;256527;1182280;4,3;49,3;5,1;3,8;20,0;8,4
93;3;Baviera;Oeste;586881;2016;250623;1256860;4,3;49,3;5,1;3,8;20,0;8,4
94;3;Baviera;Oeste;614257;2017;231353;1261870;12,4;38,8;10,2;6,1;15,3;9,8
95;3;Baviera;Oeste;629022;2018;214017;1276160;12,4;38,8;10,2;6,1;15,3;9,8
96;3;Baviera;Oeste;651194;2019;211965;1282270;12,4;38,8;10,2;6,1;15,3;9,8
97;3;Baviera;Oeste;634843;2020;275075;1287640;12,4;38,8;10,2;6,1;15,3;9,8
98;3;Baviera;Oeste;675004;2021;262186;1343210;9,0;31,7;10,5;2,8;18,0;14,1
99;3;Baviera;Oeste;723639;2022;235851;1248970;9,0;31,7;10,5;2,8;18,0;14,1
100;3;Baviera;Oeste;773647;2023;257096;1165050;9,0;31,7;10,5;2,8;18,0;14,1
101;3;Baviera;Oeste;791603;2024;285234;1143650;9,0;31,7;10,5;2,8;18,0;14,1
102;4;Berlin;Berlin;68403;1991;179953;305620;0,0;39,4;9,1;9,7;30,6;7,2
103;4;Berlin;Berlin;75606;1992;207058;296670;0,0;39,4;9,1;9,7;30,6;7,2
104;4;Berlin;Berlin;81066;1993;203924;287240;0,0;39,4;9,1;9,7;30,6;7,2
105;4;Berlin;Berlin;83845;1994;210130;285030;0,0;31,4;5,2;14,8;34,0;10,2
106;4;Berlin;Berlin;86026;1995;213383;286480;0,0;31,4;5,2;14,8;34,0;10,2
107;4;Berlin;Berlin;85339;1996;235999;299050;0,0;31,4;5,2;14,8;34,0;10,2
108;4;Berlin;Berlin;83943;1997;265665;303690;0,0;31,4;5,2;14,8;34,0;10,2
109;4;Berlin;Berlin;84476;1998;273118;296120;0,0;23,7;4,9;13,4;37,8;11,3
110;4;Berlin;Berlin;85367;1999;268174;298560;0,0;23,7;4,9;13,4;37,8;11,3
111;4;Berlin;Berlin;86219;2000;264819;296950;0,0;23,7;4,9;13,4;37,8;11,3
112;4;Berlin;Berlin;87158;2001;272330;286240;0,0;23,7;4,9;13,4;37,8;11,3
113;4;Berlin;Berlin;87119;2002;288285;288010;0,0;25,9;6,6;11,4;36,6;14,6
114;4;Berlin;Berlin;86561;2003;306556;287230;0,0;25,9;6,6;11,4;36,6;14,6
115;4;Berlin;Berlin;86655;2004;298661;294460;0,0;25,9;6,6;11,4;36,6;14,6
116;4;Berlin;Berlin;88788;2005;319178;289760;0,0;22,0;8,2;16,4;34,3;13,7
117;4;Berlin;Berlin;92450;2006;293476;296270;0,0;22,0;8,2;16,4;34,3;13,7
118;4;Berlin;Berlin;96520;2007;260235;311740;0,0;22,0;8,2;16,4;34,3;13,7
119;4;Berlin;Berlin;100962;2008;233323;319360;0,0;22,0;8,2;16,4;34,3;13,7
120;4;Berlin;Berlin;101392;2009;236669;321040;0,0;22,8;11,5;20,2;20,2;17,4
121;4;Berlin;Berlin;105228;2010;231221;333930;0,0;22,8;11,5;20,2;20,2;17,4
122;4;Berlin;Berlin;110626;2011;228838;330750;0,0;22,8;11,5;20,2;20,2;17,4
123;4;Berlin;Berlin;112398;2012;215348;346780;0,0;22,8;11,5;20,2;20,2;17,4
124;4;Berlin;Berlin;116107;2013;210093;350380;4,9;28,5;3,6;18,5;24,6;12,3
125;4;Berlin;Berlin;122279;2014;202927;373680;4,9;28,5;3,6;18,5;24,6;12,3
126;4;Berlin;Berlin;129267;2015;194812;380300;4,9;28,5;3,6;18,5;24,6;12,3
127;4;Berlin;Berlin;136366;2016;181018;410860;4,9;28,5;3,6;18,5;24,6;12,3
128;4;Berlin;Berlin;144070;2017;168991;401600;12,0;22,7;8,9;18,8;17,9;12,6
129;4;Berlin;Berlin;152030;2018;156230;402030;12,0;22,7;8,9;18,8;17,9;12,6
130;4;Berlin;Berlin;159591;2019;152565;395030;12,0;22,7;8,9;18,8;17,9;12,6
131;4;Berlin;Berlin;159011;2020;192644;386930;12,0;22,7;8,9;18,8;17,9;12,6
132;4;Berlin;Berlin;171190;2021;198401;391680;9,4;17,2;8,1;11,5;22,2;22,0
133;4;Berlin;Berlin;184512;2022;179327;357290;9,4;17,2;8,1;11,5;22,2;22,0
134;4;Berlin;Berlin;197924;2023;187930;341200;9,4;17,2;8,1;11,5;22,2;22,0
135;4;Berlin;Berlin;207058;2024;203242;337490;9,4;17,2;8,1;11,5;22,2;22,0
136;5;Brandeburgo;Este;19850;1991;141172;172150;0,0;36,3;9,7;11,0;32,9;6,6
137;5;Brandeburgo;Este;24767;1992;182342;134690;0,0;36,3;9,7;11,0;32,9;6,6
138;5;Brandeburgo;Este;30101;1993;180418;122380;0,0;36,3;9,7;11,0;32,9;6,6
139;5;Brandeburgo;Este;34711;1994;178842;124430;0,0;28,1;2,6;19,3;45,1;2,9
140;5;Brandeburgo;Este;38091;1995;164608;134940;0,0;28,1;2,6;19,3;45,1;2,9
141;5;Brandeburgo;Este;39971;1996;187051;151400;0,0;28,1;2,6;19,3;45,1;2,9
142;5;Brandeburgo;Este;40688;1997;218148;163700;0,0;28,1;2,6;19,3;45,1;2,9
143;5;Brandeburgo;Este;41812;1998;220444;171460;0,0;20,8;2,8;20,3;43,5;3,6
144;5;Brandeburgo;Este;43954;1999;223102;179280;0,0;20,8;2,8;20,3;43,5;3,6
145;5;Brandeburgo;Este;45244;2000;226451;184440;0,0;20,8;2,8;20,3;43,5;3,6
146;5;Brandeburgo;Este;46414;2001;233650;176920;0,0;20,8;2,8;20,3;43,5;3,6
147;5;Brandeburgo;Este;46988;2002;237903;177040;0,0;22,3;5,8;17,2;46,4;4,5
148;5;Brandeburgo;Este;47493;2003;252967;179700;0,0;22,3;5,8;17,2;46,4;4,5
149;5;Brandeburgo;Este;48749;2004;250709;181480;0,0;22,3;5,8;17,2;46,4;4,5
150;5;Brandeburgo;Este;49634;2005;243879;179100;0,0;20,6;6,9;26,6;35,8;5,1
151;5;Brandeburgo;Este;52072;2006;226468;178830;0,0;20,6;6,9;26,6;35,8;5,1
152;5;Brandeburgo;Este;54159;2007;198161;185890;0,0;20,6;6,9;26,6;35,8;5,1
153;5;Brandeburgo;Este;55980;2008;174587;188080;0,0;20,6;6,9;26,6;35,8;5,1
154;5;Brandeburgo;Este;54792;2009;164673;185370;0,0;23,6;9,3;28,5;25,1;6,1
155;5;Brandeburgo;Este;57373;2010;148834;189540;0,0;23,6;9,3;28,5;25,1;6,1
156;5;Brandeburgo;Este;59366;2011;143190;182790;0,0;23,6;9,3;28,5;25,1;6,1
157;5;Brandeburgo;Este;61035;2012;136125;184820;0,0;23,6;9,3;28,5;25,1;6,1
158;5;Brandeburgo;Este;62333;2013;132329;183550;6,0;34,8;2,5;22,4;23,1;4,7
159;5;Brandeburgo;Este;65655;2014;124628;193390;6,0;34,8;2,5;22,4;23,1;4,7
160;5;Brandeburgo;Este;66755;2015;114873;191120;6,0;34,8;2,5;22,4;23,1;4,7
161;5;Brandeburgo;Este;68644;2016;105555;209340;6,0;34,8;2,5;22,4;23,1;4,7
162;5;Brandeburgo;Este;72111;2017;92648;203370;20,2;26,7;7,1;17,2;17,6;5,0
163;5;Brandeburgo;Este;73970;2018;83669;198810;20,2;26,7;7,1;17,2;17,6;5,0
164;5;Brandeburgo;Este;77181;2019;76888;193290;20,2;26,7;7,1;17,2;17,6;5,0
165;5;Brandeburgo;Este;76206;2020;82491;189980;20,2;26,7;7,1;17,2;17,6;5,0
166;5;Brandeburgo;Este;81192;2021;78463;190290;18,1;15,3;9,3;8,5;29,5;9,0
167;5;Brandeburgo;Este;89534;2022;74242;174390;18,1;15,3;9,3;8,5;29,5;9,0
168;5;Brandeburgo;Este;96433;2023;78996;158850;18,1;15,3;9,3;8,5;29,5;9,0
169;5;Brandeburgo;Este;97540;2024;82795;151540;18,1;15,3;9,3;8,5;29,5;9,0
170;6;Bremen;Oeste;18991;1991;31629;678900;0,0;30,9;12,8;1,1;42,5;8,3
171;6;Bremen;Oeste;19563;1992;31532;675700;0,0;30,9;12,8;1,1;42,5;8,3
172;6;Bremen;Oeste;19470;1993;36638;665600;0,0;30,9;12,8;1,1;42,5;8,3
173;6;Bremen;Oeste;19955;1994;40155;628800;0,0;30,2;7,2;2,7;45,5;11,1
174;6;Bremen;Oeste;20298;1995;40343;642900;0,0;30,2;7,2;2,7;45,5;11,1
175;6;Bremen;Oeste;20352;1996;44374;662300;0,0;30,2;7,2;2,7;45,5;11,1
176;6;Bremen;Oeste;21122;1997;46951;664400;0,0;30,2;7,2;2,7;45,5;11,1
177;6;Bremen;Oeste;21396;1998;46328;636000;0,0;25,4;5,9;2,4;50,2;11,3
178;6;Bremen;Oeste;21592;1999;43867;609600;0,0;25,4;5,9;2,4;50,2;11,3
179;6;Bremen;Oeste;22538;2000;41144;607000;0,0;25,4;5,9;2,4;50,2;11,3
180;6;Bremen;Oeste;23312;2001;39820;583100;0,0;25,4;5,9;2,4;50,2;11,3
181;6;Bremen;Oeste;23910;2002;40452;548400;0,0;24,6;6,7;2,2;48,6;15,0
182;6;Bremen;Oeste;24545;2003;42378;557700;0,0;24,6;6,7;2,2;48,6;15,0
183;6;Bremen;Oeste;24779;2004;42280;544200;0,0;24,6;6,7;2,2;48,6;15,0
184;6;Bremen;Oeste;25341;2005;53223;548900;0,0;22,8;8,1;8,4;42,9;14,3
185;6;Bremen;Oeste;26577;2006;47719;550600;0,0;22,8;8,1;8,4;42,9;14,3
186;6;Bremen;Oeste;27511;2007;41006;559100;0,0;22,8;8,1;8,4;42,9;14,3
187;6;Bremen;Oeste;27897;2008;36730;556900;0,0;22,8;8,1;8,4;42,9;14,3
188;6;Bremen;Oeste;25484;2009;38156;548100;0,0;23,9;10,6;14,3;30,2;15,4
189;6;Bremen;Oeste;26970;2010;38705;559900;0,0;23,9;10,6;14,3;30,2;15,4
190;6;Bremen;Oeste;27848;2011;37455;538800;0,0;23,9;10,6;14,3;30,2;15,4
191;6;Bremen;Oeste;29088;2012;36828;563900;0,0;23,9;10,6;14,3;30,2;15,4
192;6;Bremen;Oeste;29510;2013;37198;574900;3,7;29,3;3,4;10,1;35,6;12,1
193;6;Bremen;Oeste;30482;2014;37091;621100;3,7;29,3;3,4;10,1;35,6;12,1
194;6;Bremen;Oeste;31081;2015;37355;650900;3,7;29,3;3,4;10,1;35,6;12,1
195;6;Bremen;Oeste;31910;2016;36393;713600;3,7;29,3;3,4;10,1;35,6;12,1
196;6;Bremen;Oeste;32788;2017;35687;700000;10,0;25,1;9,3;13,4;26,8;11,1
197;6;Bremen;Oeste;33389;2018;34904;716300;10,0;25,1;9,3;13,4;26,8;11,1
198;6;Bremen;Oeste;33433;2019;35702;714900;10,0;25,1;9,3;13,4;26,8;11,1
199;6;Bremen;Oeste;32442;2020;40822;696800;10,0;25,1;9,3;13,4;26,8;11,1
200;6;Bremen;Oeste;35483;2021;39292;697100;6,9;17,2;9,3;7,7;31,5;20,9
201;6;Bremen;Oeste;38820;2022;37214;672000;6,9;17,2;9,3;7,7;31,5;20,9
202;6;Bremen;Oeste;40338;2023;39050;661500;6,9;17,2;9,3;7,7;31,5;20,9
203;6;Bremen;Oeste;41357;2024;41116;625100;6,9;17,2;9,3;7,7;31,5;20,9
204;7;Hamburgo;Oeste;61137;1991;63013;165030;0,0;36,6;12,0;1,1;41,0;5,8
205;7;Hamburgo;Oeste;63737;1992;57441;164970;0,0;36,6;12,0;1,1;41,0;5,8
206;7;Hamburgo;Oeste;65919;1993;62929;162570;0,0;36,6;12,0;1,1;41,0;5,8
207;7;Hamburgo;Oeste;67741;1994;71204;162010;0,0;34,9;7,2;2,2;39,7;12,6
208;7;Hamburgo;Oeste;69210;1995;77773;158720;0,0;34,9;7,2;2,2;39,7;12,6
209;7;Hamburgo;Oeste;70759;1996;83942;165940;0,0;34,9;7,2;2,2;39,7;12,6
210;7;Hamburgo;Oeste;73470;1997;92520;169700;0,0;34,9;7,2;2,2;39,7;12,6
211;7;Hamburgo;Oeste;75528;1998;90516;162350;0,0;30,0;6,5;2,3;45,7;10,8
212;7;Hamburgo;Oeste;76578;1999;84082;160340;0,0;30,0;6,5;2,3;45,7;10,8
213;7;Hamburgo;Oeste;78473;2000;74681;161590;0,0;30,0;6,5;2,3;45,7;10,8
214;7;Hamburgo;Oeste;83187;2001;70669;157860;0,0;30,0;6,5;2,3;45,7;10,8
215;7;Hamburgo;Oeste;84403;2002;77502;157070;0,0;28,1;6,8;2,1;42,0;16,2
216;7;Hamburgo;Oeste;84993;2003;86376;159160;0,0;28,1;6,8;2,1;42,0;16,2
217;7;Hamburgo;Oeste;87232;2004;84258;161030;0,0;28,1;6,8;2,1;42,0;16,2
218;7;Hamburgo;Oeste;89389;2005;98228;161790;0,0;28,9;9,0;6,3;38,7;14,9
219;7;Hamburgo;Oeste;90513;2006;96028;160890;0,0;28,9;9,0;6,3;38,7;14,9
220;7;Hamburgo;Oeste;93777;2007;81056;167270;0,0;28,9;9,0;6,3;38,7;14,9
221;7;Hamburgo;Oeste;97069;2008;72847;167510;0,0;28,9;9,0;6,3;38,7;14,9
222;7;Hamburgo;Oeste;94184;2009;78448;167790;0,0;27,8;13,2;11,2;27,4;15,6
223;7;Hamburgo;Oeste;97155;2010;75486;173770;0,0;27,8;13,2;11,2;27,4;15,6
224;7;Hamburgo;Oeste;98811;2011;72448;171250;0,0;27,8;13,2;11,2;27,4;15,6
225;7;Hamburgo;Oeste;101407;2012;70434;177060;0,0;27,8;13,2;11,2;27,4;15,6
226;7;Hamburgo;Oeste;105985;2013;71560;181370;4,2;32,1;4,8;8,8;32,4;12,7
227;7;Hamburgo;Oeste;108259;2014;73663;190390;4,2;32,1;4,8;8,8;32,4;12,7
228;7;Hamburgo;Oeste;112880;2015;73291;197680;4,2;32,1;4,8;8,8;32,4;12,7
229;7;Hamburgo;Oeste;115167;2016;70666;214800;4,2;32,1;4,8;8,8;32,4;12,7
230;7;Hamburgo;Oeste;121447;2017;69248;211330;7,8;27,2;10,8;12,2;23,5;13,9
231;7;Hamburgo;Oeste;124313;2018;65589;211260;7,8;27,2;10,8;12,2;23,5;13,9
232;7;Hamburgo;Oeste;129913;2019;64774;209400;7,8;27,2;10,8;12,2;23,5;13,9
233;7;Hamburgo;Oeste;124166;2020;80677;204310;7,8;27,2;10,8;12,2;23,5;13,9
234;7;Hamburgo;Oeste;137640;2021;80395;210180;5,0;15,4;11,4;6,7;29,7;24,9
235;7;Hamburgo;Oeste;155671;2022;73800;190540;5,0;15,4;11,4;6,7;29,7;24,9
236;7;Hamburgo;Oeste;153737;2023;80806;182640;5,0;15,4;11,4;6,7;29,7;24,9
237;7;Hamburgo;Oeste;161856;2024;88471;175530;5,0;15,4;11,4;6,7;29,7;24,9
238;8;Hesse;Oeste;150385;1991;123264;613240;0,0;41,3;10,9;0,4;38,0;5,6
239;8;Hesse;Oeste;159369;1992;136825;611460;0,0;41,3;10,9;0,4;38,0;5,6
240;8;Hesse;Oeste;161858;1993;177061;616100;0,0;41,3;10,9;0,4;38,0;5,6
241;8;Hesse;Oeste;166412;1994;208675;605650;0,0;40,7;8,1;1,1;37,2;9,3
242;8;Hesse;Oeste;170701;1995;213222;598580;0,0;40,7;8,1;1,1;37,2;9,3
243;8;Hesse;Oeste;175094;1996;234083;623910;0,0;40,7;8,1;1,1;37,2;9,3
244;8;Hesse;Oeste;178574;1997;260796;631240;0,0;40,7;8,1;1,1;37,2;9,3
245;8;Hesse;Oeste;182687;1998;254123;605670;0,0;34,7;7,9;1,5;41,6;8,2
246;8;Hesse;Oeste;190671;1999;239316;589960;0,0;34,7;7,9;1,5;41,6;8,2
247;8;Hesse;Oeste;195455;2000;214928;588170;0,0;34,7;7,9;1,5;41,6;8,2
248;8;Hesse;Oeste;202688;2001;200588;562280;0,0;34,7;7,9;1,5;41,6;8,2
249;8;Hesse;Oeste;203868;2002;213667;553240;0,0;37,1;8,2;1,3;39,7;10,7
250;8;Hesse;Oeste;209644;2003;242043;544000;0,0;37,1;8,2;1,3;39,7;10,7
251;8;Hesse;Oeste;212872;2004;250923;543320;0,0;37,1;8,2;1,3;39,7;10,7
252;8;Hesse;Oeste;214820;2005;296731;533690;0,0;33,7;11,7;5,3;35,6;10,1
253;8;Hesse;Oeste;222383;2006;284201;514040;0,0;33,7;11,7;5,3;35,6;10,1
254;8;Hesse;Oeste;231093;2007;234298;526160;0,0;33,7;11,7;5,3;35,6;10,1
255;8;Hesse;Oeste;234241;2008;203355;517520;0,0;33,7;11,7;5,3;35,6;10,1
256;8;Hesse;Oeste;224965;2009;210015;507440;0,0;32,2;16,6;8,5;25,6;12,0
257;8;Hesse;Oeste;232364;2010;197982;517420;0,0;32,2;16,6;8,5;25,6;12,0
258;8;Hesse;Oeste;243527;2011;182583;514790;0,0;32,2;16,6;8,5;25,6;12,0
259;8;Hesse;Oeste;244407;2012;178329;516070;0,0;32,2;16,6;8,5;25,6;12,0
260;8;Hesse;Oeste;250549;2013;185612;521850;5,6;39,2;5,6;6,0;28,8;9,9
261;8;Hesse;Oeste;261260;2014;184378;546310;5,6;39,2;5,6;6,0;28,8;9,9
262;8;Hesse;Oeste;268527;2015;177944;568890;5,6;39,2;5,6;6,0;28,8;9,9
263;8;Hesse;Oeste;279760;2016;172826;607310;5,6;39,2;5,6;6,0;28,8;9,9
264;8;Hesse;Oeste;288020;2017;166287;609880;11,9;30,9;11,5;8,1;23,5;9,7
265;8;Hesse;Oeste;294358;2018;154337;610120;11,9;30,9;11,5;8,1;23,5;9,7
266;8;Hesse;Oeste;302764;2019;149812;600620;11,9;30,9;11,5;8,1;23,5;9,7
267;8;Hesse;Oeste;293847;2020;184955;593890;11,9;30,9;11,5;8,1;23,5;9,7
268;8;Hesse;Oeste;313308;2021;178086;615460;8,8;22,8;12,8;4,3;27,6;15,8
269;8;Hesse;Oeste;332353;2022;164492;573600;8,8;22,8;12,8;4,3;27,6;15,8
270;8;Hesse;Oeste;354492;2023;181344;536850;8,8;22,8;12,8;4,3;27,6;15,8
271;8;Hesse;Oeste;368298;2024;194912;530890;8,8;22,8;12,8;4,3;27,6;15,8
272;9;Mecklemburgo-Pomerania;Este;14436;1991;128303;136350;0,0;41,2;9,1;14,2;26,5;5,9
273;9;Mecklemburgo-Pomerania;Este;17800;1992;163163;108750;0,0;41,2;9,1;14,2;26,5;5,9
274;9;Mecklemburgo-Pomerania;Este;21337;1993;151996;943200;0,0;41,2;9,1;14,2;26,5;5,9
275;9;Mecklemburgo-Pomerania;Este;24713;1994;143600;893400;0,0;38,5;3,4;23,6;28,8;3,6
276;9;Mecklemburgo-Pomerania;Este;26937;1995;132850;987800;0,0;38,5;3,4;23,6;28,8;3,6
277;9;Mecklemburgo-Pomerania;Este;27907;1996;147786;110880;0,0;38,5;3,4;23,6;28,8;3,6
278;9;Mecklemburgo-Pomerania;Este;28336;1997;168364;120460;0,0;38,5;3,4;23,6;28,8;3,6
279;9;Mecklemburgo-Pomerania;Este;28493;1998;171150;122460;0,0;29,3;2,2;23,6;35,3;2,9
280;9;Mecklemburgo-Pomerania;Este;29442;1999;163100;125890;0,0;29,3;2,2;23,6;35,3;2,9
281;9;Mecklemburgo-Pomerania;Este;29683;2000;163039;133190;0,0;29,3;2,2;23,6;35,3;2,9
282;9;Mecklemburgo-Pomerania;Este;30155;2001;167977;129680;0,0;29,3;2,2;23,6;35,3;2,9
283;9;Mecklemburgo-Pomerania;Este;30339;2002;169794;125040;0,0;30,3;5,4;16,3;41,7;3,5
284;9;Mecklemburgo-Pomerania;Este;30572;2003;181684;127820;0,0;30,3;5,4;16,3;41,7;3,5
285;9;Mecklemburgo-Pomerania;Este;30956;2004;182632;130450;0,0;30,3;5,4;16,3;41,7;3,5
286;9;Mecklemburgo-Pomerania;Este;31080;2005;180361;123570;0,0;29,6;6,3;23,7;31,7;4,0
287;9;Mecklemburgo-Pomerania;Este;32112;2006;167908;126380;0,0;29,6;6,3;23,7;31,7;4,0
288;9;Mecklemburgo-Pomerania;Este;33776;2007;145692;127860;0,0;29,6;6,3;23,7;31,7;4,0
289;9;Mecklemburgo-Pomerania;Este;34567;2008;124033;130980;0,0;29,6;6,3;23,7;31,7;4,0
290;9;Mecklemburgo-Pomerania;Este;34417;2009;117961;130140;0,0;33,1;9,8;29,0;16,6;5,5
291;9;Mecklemburgo-Pomerania;Este;35385;2010;109865;133370;0,0;33,1;9,8;29,0;16,6;5,5
292;9;Mecklemburgo-Pomerania;Este;36879;2011;107543;126380;0,0;33,1;9,8;29,0;16,6;5,5
293;9;Mecklemburgo-Pomerania;Este;37260;2012;101893;127150;0,0;33,1;9,8;29,0;16,6;5,5
294;9;Mecklemburgo-Pomerania;Este;38321;2013;98952;125600;5,6;42,5;2,2;21,5;17,8;4,3
295;9;Mecklemburgo-Pomerania;Este;40100;2014;93067;128300;5,6;42,5;2,2;21,5;17,8;4,3
296;9;Mecklemburgo-Pomerania;Este;40823;2015;86095;132980;5,6;42,5;2,2;21,5;17,8;4,3
297;9;Mecklemburgo-Pomerania;Este;41786;2016;80389;134420;5,6;42,5;2,2;21,5;17,8;4,3
298;9;Mecklemburgo-Pomerania;Este;45069;2017;70982;130810;18,6;33,1;6,2;17,8;15,1;4,3
299;9;Mecklemburgo-Pomerania;Este;45313;2018;64993;130320;18,6;33,1;6,2;17,8;15,1;4,3
300;9;Mecklemburgo-Pomerania;Este;48230;2019;58485;126300;18,6;33,1;6,2;17,8;15,1;4,3
301;9;Mecklemburgo-Pomerania;Este;47292;2020;63850;120610;18,6;33,1;6,2;17,8;15,1;4,3
302;9;Mecklemburgo-Pomerania;Este;50164;2021;62410;118450;18,0;17,4;8,2;11,1;29,1;7,8
303;9;Mecklemburgo-Pomerania;Este;55661;2022;59571;108200;18,0;17,4;8,2;11,1;29,1;7,8
304;9;Mecklemburgo-Pomerania;Este;59168;2023;63191;967100;18,0;17,4;8,2;11,1;29,1;7,8
305;9;Mecklemburgo-Pomerania;Este;61245;2024;64944;915700;18,0;17,4;8,2;11,1;29,1;7,8
306;10;Renania del Norte-Westfalia;Oeste;381575;1991;561331;1984360;0,0;40,5;11,0;0,3;41,1;4,3
307;10;Renania del Norte-Westfalia;Oeste;402569;1992;580473;1968990;0,0;40,5;11,0;0,3;41,1;4,3
308;10;Renania del Norte-Westfalia;Oeste;404924;1993;703198;1941560;0,0;40,5;11,0;0,3;41,1;4,3
309;10;Renania del Norte-Westfalia;Oeste;417105;1994;784510;1860790;0,0;38,0;7,6;1,0;43,1;7,4
310;10;Renania del Norte-Westfalia;Oeste;430715;1995;778946;1823930;0,0;38,0;7,6;1,0;43,1;7,4
311;10;Renania del Norte-Westfalia;Oeste;432610;1996;826959;1884930;0,0;38,0;7,6;1,0;43,1;7,4
312;10;Renania del Norte-Westfalia;Oeste;442335;1997;884479;1903860;0,0;38,0;7,6;1,0;43,1;7,4
313;10;Renania del Norte-Westfalia;Oeste;454821;1998;856061;1822870;0,0;33,8;7,3;1,2;46,9;6,9
314;10;Renania del Norte-Westfalia;Oeste;460797;1999;830878;1765780;0,0;33,8;7,3;1,2;46,9;6,9
315;10;Renania del Norte-Westfalia;Oeste;469965;2000;777746;1751440;0,0;33,8;7,3;1,2;46,9;6,9
316;10;Renania del Norte-Westfalia;Oeste;480753;2001;766351;1677520;0,0;33,8;7,3;1,2;46,9;6,9
317;10;Renania del Norte-Westfalia;Oeste;488645;2002;812464;1634340;0,0;35,1;9,3;1,2;43,0;8,9
318;10;Renania del Norte-Westfalia;Oeste;489848;2003;879964;1598830;0,0;35,1;9,3;1,2;43,0;8,9
319;10;Renania del Norte-Westfalia;Oeste;502726;2004;898807;1580540;0,0;35,1;9,3;1,2;43,0;8,9
320;10;Renania del Norte-Westfalia;Oeste;509290;2005;1057649;1533720;0,0;34,4;10,0;5,2;40,0;7,6
321;10;Renania del Norte-Westfalia;Oeste;527539;2006;1012773;1499250;0,0;34,4;10,0;5,2;40,0;7,6
322;10;Renania del Norte-Westfalia;Oeste;557617;2007;851822;1511680;0,0;34,4;10,0;5,2;40,0;7,6
323;10;Renania del Norte-Westfalia;Oeste;570643;2008;757238;1500070;0,0;34,4;10,0;5,2;40,0;7,6
324;10;Renania del Norte-Westfalia;Oeste;549845;2009;800404;1450290;0,0;33,1;14,9;8,4;28,5;10,1
325;10;Renania del Norte-Westfalia;Oeste;565084;2010;779582;1473330;0,0;33,1;14,9;8,4;28,5;10,1
326;10;Renania del Norte-Westfalia;Oeste;588513;2011;728797;1430970;0,0;33,1;14,9;8,4;28,5;10,1
327;10;Renania del Norte-Westfalia;Oeste;594454;2012;733307;1457550;0,0;33,1;14,9;8,4;28,5;10,1
328;10;Renania del Norte-Westfalia;Oeste;605918;2013;762784;1464170;3,9;39,8;5,2;6,1;31,9;8,0
329;10;Renania del Norte-Westfalia;Oeste;630719;2014;763213;1551020;3,9;39,8;5,2;6,1;31,9;8,0
330;10;Renania del Norte-Westfalia;Oeste;651068;2015;744228;1604680;3,9;39,8;5,2;6,1;31,9;8,0
331;10;Renania del Norte-Westfalia;Oeste;666208;2016;725653;1732740;3,9;39,8;5,2;6,1;31,9;8,0
332;10;Renania del Norte-Westfalia;Oeste;693415;2017;701219;1719790;9,4;32,6;13,1;7,5;26,0;7,6
333;10;Renania del Norte-Westfalia;Oeste;716741;2018;650768;1731500;9,4;32,6;13,1;7,5;26,0;7,6
334;10;Renania del Norte-Westfalia;Oeste;731488;2019;635486;1703910;9,4;32,6;13,1;7,5;26,0;7,6
335;10;Renania del Norte-Westfalia;Oeste;717488;2020;733740;1700380;9,4;32,6;13,1;7,5;26,0;7,6
336;10;Renania del Norte-Westfalia;Oeste;754396;2021;718220;1753860;7,3;26,0;11,4;3,7;29,1;16,1
337;10;Renania del Norte-Westfalia;Oeste;806852;2022;668502;1644960;7,3;26,0;11,4;3,7;29,1;16,1
338;10;Renania del Norte-Westfalia;Oeste;851036;2023;710175;1555150;7,3;26,0;11,4;3,7;29,1;16,1
339;10;Renania del Norte-Westfalia;Oeste;871867;2024;749712;1526880;7,3;26,0;11,4;3,7;29,1;16,1
340;11;Renania-Palatinado;Oeste;76618;1991;82334;423110;0,0;45,6;10,4;0,2;36,1;4,0
341;11;Renania-Palatinado;Oeste;80368;1992;88985;427220;0,0;45,6;10,4;0,2;36,1;4,0
342;11;Renania-Palatinado;Oeste;80207;1993;117703;422910;0,0;45,6;10,4;0,2;36,1;4,0
343;11;Renania-Palatinado;Oeste;83293;1994;132876;405390;0,0;43,8;6,9;0,6;39,4;6,2
344;11;Renania-Palatinado;Oeste;86302;1995;134223;396840;0,0;43,8;6,9;0,6;39,4;6,2
345;11;Renania-Palatinado;Oeste;86470;1996;149782;409260;0,0;43,8;6,9;0,6;39,4;6,2
346;11;Renania-Palatinado;Oeste;88999;1997;163768;416770;0,0;43,8;6,9;0,6;39,4;6,2
347;11;Renania-Palatinado;Oeste;90098;1998;156702;396390;0,0;39,1;7,1;1,0;41,3;6,1
348;11;Renania-Palatinado;Oeste;92837;1999;149412;381900;0,0;39,1;7,1;1,0;41,3;6,1
349;11;Renania-Palatinado;Oeste;94677;2000;138370;378260;0,0;39,1;7,1;1,0;41,3;6,1
350;11;Renania-Palatinado;Oeste;95035;2001;134841;357810;0,0;39,1;7,1;1,0;41,3;6,1
351;11;Renania-Palatinado;Oeste;97026;2002;143708;347410;0,0;40,2;9,3;1,0;38,2;7,9
352;11;Renania-Palatinado;Oeste;97952;2003;154674;340830;0,0;40,2;9,3;1,0;38,2;7,9
353;11;Renania-Palatinado;Oeste;100971;2004;155415;334210;0,0;40,2;9,3;1,0;38,2;7,9
354;11;Renania-Palatinado;Oeste;101542;2005;178511;325920;0,0;36,9;11,7;5,6;34,6;7,3
355;11;Renania-Palatinado;Oeste;105785;2006;162927;317550;0,0;36,9;11,7;5,6;34,6;7,3
356;11;Renania-Palatinado;Oeste;110383;2007;133401;325360;0,0;36,9;11,7;5,6;34,6;7,3
357;11;Renania-Palatinado;Oeste;112042;2008;116094;322230;0,0;36,9;11,7;5,6;34,6;7,3
358;11;Renania-Palatinado;Oeste;109108;2009;127231;308810;0,0;35,0;16,6;9,4;23,8;9,7
359;11;Renania-Palatinado;Oeste;115471;2010;119953;315740;0,0;35,0;16,6;9,4;23,8;9,7
360;11;Renania-Palatinado;Oeste;120317;2011;111074;310810;0,0;35,0;16,6;9,4;23,8;9,7
361;11;Renania-Palatinado;Oeste;123431;2012;111083;311690;0,0;35,0;16,6;9,4;23,8;9,7
362;11;Renania-Palatinado;Oeste;126025;2013;116360;319890;4,8;43,3;5,5;5,4;27,5;7,6
363;11;Renania-Palatinado;Oeste;131042;2014;115741;334270;4,8;43,3;5,5;5,4;27,5;7,6
364;11;Renania-Palatinado;Oeste;135495;2015;112882;349460;4,8;43,3;5,5;5,4;27,5;7,6
365;11;Renania-Palatinado;Oeste;139159;2016;111436;375180;4,8;43,3;5,5;5,4;27,5;7,6
366;11;Renania-Palatinado;Oeste;143127;2017;106299;374430;11,2;35,9;10,4;6,8;24,1;7,6
367;11;Renania-Palatinado;Oeste;145957;2018;98764;376470;11,2;35,9;10,4;6,8;24,1;7,6
368;11;Renania-Palatinado;Oeste;150496;2019;97717;371730;11,2;35,9;10,4;6,8;24,1;7,6
369;11;Renania-Palatinado;Oeste;147779;2020;117912;376320;11,2;35,9;10,4;6,8;24,1;7,6
370;11;Renania-Palatinado;Oeste;167766;2021;112137;386470;9,2;24,7;11,7;3,3;29,4;12,6
371;11;Renania-Palatinado;Oeste;176870;2022;102515;367310;9,2;24,7;11,7;3,3;29,4;12,6
372;11;Renania-Palatinado;Oeste;180580;2023;110716;344930;9,2;24,7;11,7;3,3;29,4;12,6
373;11;Renania-Palatinado;Oeste;184043;2024;120552;336060;9,2;24,7;11,7;3,3;29,4;12,6
374;12;Sajonia;Este;36941;1991;241227;312780;0,0;49,5;12,4;9,0;18,2;5,9
375;12;Sajonia;Este;45889;1992;316512;252980;0,0;49,5;12,4;9,0;18,2;5,9
376;12;Sajonia;Este;55563;1993;315664;234230;0,0;49,5;12,4;9,0;18,2;5,9
377;12;Sajonia;Este;64480;1994;323370;227340;0,0;48,0;3,8;16,7;24,3;4,8
378;12;Sajonia;Este;70712;1995;293699;240040;0,0;48,0;3,8;16,7;24,3;4,8
379;12;Sajonia;Este;73406;1996;322322;270060;0,0;48,0;3,8;16,7;24,3;4,8
380;12;Sajonia;Este;73268;1997;374139;290080;0,0;48,0;3,8;16,7;24,3;4,8
381;12;Sajonia;Este;74524;1998;382898;301900;0,0;32,7;3,6;20,0;29,1;4,4
382;12;Sajonia;Este;76581;1999;379764;313830;0,0;32,7;3,6;20,0;29,1;4,4
383;12;Sajonia;Este;76630;2000;387868;331390;0,0;32,7;3,6;20,0;29,1;4,4
384;12;Sajonia;Este;79186;2001;399420;319430;0,0;32,7;3,6;20,0;29,1;4,4
385;12;Sajonia;Este;81918;2002;405349;315180;0,0;33,6;7,3;16,2;33,3;4,6
386;12;Sajonia;Este;83741;2003;403480;320790;0,0;33,6;7,3;16,2;33,3;4,6
387;12;Sajonia;Este;85956;2004;396328;330440;0,0;33,6;7,3;16,2;33,3;4,6
388;12;Sajonia;Este;85902;2005;402270;325810;0,0;30,0;10,2;22,8;24,5;4,8
389;12;Sajonia;Este;90332;2006;371909;325560;0,0;30,0;10,2;22,8;24,5;4,8
390;12;Sajonia;Este;94348;2007;321282;338580;0,0;30,0;10,2;22,8;24,5;4,8
391;12;Sajonia;Este;95345;2008;278749;344110;0,0;30,0;10,2;22,8;24,5;4,8
392;12;Sajonia;Este;92788;2009;277757;340930;0,0;35,6;13,3;24,5;14,6;6,7
393;12;Sajonia;Este;96708;2010;253198;350910;0,0;35,6;13,3;24,5;14,6;6,7
394;12;Sajonia;Este;101151;2011;226887;344230;0,0;35,6;13,3;24,5;14,6;6,7
395;12;Sajonia;Este;103040;2012;207826;346860;0,0;35,6;13,3;24,5;14,6;6,7
396;12;Sajonia;Este;105814;2013;200628;348000;6,8;42,6;3,1;20,0;14,6;4,9
397;12;Sajonia;Este;110874;2014;187494;359350;6,8;42,6;3,1;20,0;14,6;4,9
398;12;Sajonia;Este;115507;2015;174319;364660;6,8;42,6;3,1;20,0;14,6;4,9
399;12;Sajonia;Este;119300;2016;157862;379400;6,8;42,6;3,1;20,0;14,6;4,9
400;12;Sajonia;Este;124057;2017;140348;368330;27,0;26,9;8,2;16,1;10,5;4,6
401;12;Sajonia;Este;127528;2018;126311;358900;27,0;26,9;8,2;16,1;10,5;4,6
402;12;Sajonia;Este;132564;2019;116051;344910;27,0;26,9;8,2;16,1;10,5;4,6
403;12;Sajonia;Este;129382;2020;128669;333830;27,0;26,9;8,2;16,1;10,5;4,6
404;12;Sajonia;Este;136317;2021;124743;325480;24,6;17,2;11,0;9,3;19,3;8,6
405;12;Sajonia;Este;147287;2022;118216;293310;24,6;17,2;11,0;9,3;19,3;8,6
406;12;Sajonia;Este;157889;2023;131069;261940;24,6;17,2;11,0;9,3;19,3;8,6
407;12;Sajonia;Este;161910;2024;139751;246970;24,6;17,2;11,0;9,3;19,3;8,6
408;13;Sajonia-Anhalt;Este;20661;1991;167127;194590;0,0;38,6;19,7;9,4;24,7;5,3
409;13;Sajonia-Anhalt;Este;25821;1992;217474;162840;0,0;38,6;19,7;9,4;24,7;5,3
410;13;Sajonia-Anhalt;Este;31711;1993;224735;146100;0,0;38,6;19,7;9,4;24,7;5,3
411;13;Sajonia-Anhalt;Este;36483;1994;225435;142800;0,0;38,8;4,1;18,0;33,4;3,6
412;13;Sajonia-Anhalt;Este;38675;1995;208149;145680;0,0;38,8;4,1;18,0;33,4;3,6
413;13;Sajonia-Anhalt;Este;40306;1996;234451;161520;0,0;38,8;4,1;18,0;33,4;3,6
414;13;Sajonia-Anhalt;Este;41206;1997;270444;171940;0,0;38,8;4,1;18,0;33,4;3,6
415;13;Sajonia-Anhalt;Este;41833;1998;272209;175130;0,0;27,2;4,1;20,7;38,1;3,3
416;13;Sajonia-Anhalt;Este;42590;1999;272203;181760;0,0;27,2;4,1;20,7;38,1;3,3
417;13;Sajonia-Anhalt;Este;42969;2000;272867;187230;0,0;27,2;4,1;20,7;38,1;3,3
418;13;Sajonia-Anhalt;Este;43613;2001;264557;180730;0,0;27,2;4,1;20,7;38,1;3,3
419;13;Sajonia-Anhalt;Este;45000;2002;260465;176170;0,0;29,0;7,6;14,4;43,2;3,4
420;13;Sajonia-Anhalt;Este;45313;2003;268264;168890;0,0;29,0;7,6;14,4;43,2;3,4
421;13;Sajonia-Anhalt;Este;46162;2004;262763;173370;0,0;29,0;7,6;14,4;43,2;3,4
422;13;Sajonia-Anhalt;Este;46182;2005;258527;171660;0,0;24,7;8,1;26,6;32,7;4,1
423;13;Sajonia-Anhalt;Este;48331;2006;231932;169270;0,0;24,7;8,1;26,6;32,7;4,1
424;13;Sajonia-Anhalt;Este;50490;2007;201190;173870;0,0;24,7;8,1;26,6;32,7;4,1
425;13;Sajonia-Anhalt;Este;51218;2008;174600;176970;0,0;24,7;8,1;26,6;32,7;4,1
426;13;Sajonia-Anhalt;Este;49011;2009;167688;171440;0,0;30,1;10,3;32,4;16,9;5,1
427;13;Sajonia-Anhalt;Este;51907;2010;151305;173000;0,0;30,1;10,3;32,4;16,9;5,1
428;13;Sajonia-Anhalt;Este;52979;2011;139310;168370;0,0;30,1;10,3;32,4;16,9;5,1
429;13;Sajonia-Anhalt;Este;55185;2012;136701;168880;0,0;30,1;10,3;32,4;16,9;5,1
430;13;Sajonia-Anhalt;Este;55677;2013;132134;167970;4,2;41,2;2,6;23,9;18,2;4,0
431;13;Sajonia-Anhalt;Este;56856;2014;125559;170640;4,2;41,2;2,6;23,9;18,2;4,0
432;13;Sajonia-Anhalt;Este;57746;2015;118852;174150;4,2;41,2;2,6;23,9;18,2;4,0
433;13;Sajonia-Anhalt;Este;59283;2016;110263;180920;4,2;41,2;2,6;23,9;18,2;4,0
434;13;Sajonia-Anhalt;Este;61448;2017;96960;178370;19,6;30,3;7,8;17,7;15,2;3,7
435;13;Sajonia-Anhalt;Este;62415;2018;88106;174100;19,6;30,3;7,8;17,7;15,2;3,7
436;13;Sajonia-Anhalt;Este;65330;2019;80608;166180;19,6;30,3;7,8;17,7;15,2;3,7
437;13;Sajonia-Anhalt;Este;64302;2020;86110;161130;19,6;30,3;7,8;17,7;15,2;3,7
438;13;Sajonia-Anhalt;Este;67622;2021;81093;160240;19,6;21,0;9,5;9,6;25,4;6,5
439;13;Sajonia-Anhalt;Este;74191;2022;77978;145060;19,6;21,0;9,5;9,6;25,4;6,5
440;13;Sajonia-Anhalt;Este;78537;2023;82627;135500;19,6;21,0;9,5;9,6;25,4;6,5
441;13;Sajonia-Anhalt;Este;79421;2024;84801;125260;19,6;21,0;9,5;9,6;25,4;6,5
442;14;Sarre;Oeste;21569;1991;35981;110520;0,0;38,1;6,0;0,2;51,2;2,3
443;14;Sarre;Oeste;22438;1992;38294;109540;0,0;38,1;6,0;0,2;51,2;2,3
444;14;Sarre;Oeste;22083;1993;47474;106530;0,0;38,1;6,0;0,2;51,2;2,3
445;14;Sarre;Oeste;23101;1994;51470;100280;0,0;37,2;4,3;0,7;48,8;5,8
446;14;Sarre;Oeste;23994;1995;49257;972700;0,0;37,2;4,3;0,7;48,8;5,8
447;14;Sarre;Oeste;23447;1996;52065;997600;0,0;37,2;4,3;0,7;48,8;5,8
448;14;Sarre;Oeste;23878;1997;56539;998700;0,0;37,2;4,3;0,7;48,8;5,8
449;14;Sarre;Oeste;24354;1998;52905;911100;0,0;31,8;4,7;1,0;52,4;5,5
450;14;Sarre;Oeste;24896;1999;50142;894100;0,0;31,8;4,7;1,0;52,4;5,5
451;14;Sarre;Oeste;25713;2000;47778;878300;0,0;31,8;4,7;1,0;52,4;5,5
452;14;Sarre;Oeste;26305;2001;44918;819600;0,0;31,8;4,7;1,0;52,4;5,5
453;14;Sarre;Oeste;26276;2002;45431;787900;0,0;35,0;6,4;1,4;46,0;7,6
454;14;Sarre;Oeste;26573;2003;47728;759800;0,0;35,0;6,4;1,4;46,0;7,6
455;14;Sarre;Oeste;27717;2004;45990;766000;0,0;35,0;6,4;1,4;46,0;7,6
456;14;Sarre;Oeste;29125;2005;53533;748400;0,0;30,2;7,4;18,5;33,3;5,9
457;14;Sarre;Oeste;30408;2006;49681;722200;0,0;30,2;7,4;18,5;33,3;5,9
458;14;Sarre;Oeste;31793;2007;42487;727400;0,0;30,2;7,4;18,5;33,3;5,9
459;14;Sarre;Oeste;32192;2008;36943;715800;0,0;30,2;7,4;18,5;33,3;5,9
460;14;Sarre;Oeste;29214;2009;38998;692700;0,0;30,7;11,9;21,2;24,7;6,8
461;14;Sarre;Oeste;30782;2010;37834;706600;0,0;30,7;11,9;21,2;24,7;6,8
462;14;Sarre;Oeste;32509;2011;34491;708800;0,0;30,7;11,9;21,2;24,7;6,8
463;14;Sarre;Oeste;32673;2012;34282;687800;0,0;30,7;11,9;21,2;24,7;6,8
464;14;Sarre;Oeste;32325;2013;37383;684800;5,2;37,8;3,8;10,0;31,0;5,7
465;14;Sarre;Oeste;33859;2014;36911;732800;5,2;37,8;3,8;10,0;31,0;5,7
466;14;Sarre;Oeste;34668;2015;36895;751100;5,2;37,8;3,8;10,0;31,0;5,7
467;14;Sarre;Oeste;35105;2016;37103;821500;5,2;37,8;3,8;10,0;31,0;5,7
468;14;Sarre;Oeste;36344;2017;34672;831300;10,1;32,4;7,6;12,9;27,1;6,0
469;14;Sarre;Oeste;36828;2018;32233;814900;10,1;32,4;7,6;12,9;27,1;6,0
470;14;Sarre;Oeste;37007;2019;32854;800600;10,1;32,4;7,6;12,9;27,1;6,0
471;14;Sarre;Oeste;35485;2020;38364;815500;10,1;32,4;7,6;12,9;27,1;6,0
472;14;Sarre;Oeste;37027;2021;36156;833900;10,0;23,6;11,5;7,2;37,3;0,0
473;14;Sarre;Oeste;40851;2022;33017;781400;10,0;23,6;11,5;7,2;37,3;0,0
474;14;Sarre;Oeste;42073;2023;35598;776900;10,0;23,6;11,5;7,2;37,3;0,0
475;14;Sarre;Oeste;42589;2024;37241;756600;10,0;23,6;11,5;7,2;37,3;0,0
476;15;Schleswig-Holstein;Oeste;51248;1991;80524;289350;0,0;43,5;11,4;0,3;38,5;4,0
477;15;Schleswig-Holstein;Oeste;54214;1992;80737;287570;0,0;43,5;11,4;0,3;38,5;4,0
478;15;Schleswig-Holstein;Oeste;55240;1993;93452;286320;0,0;43,5;11,4;0,3;38,5;4,0
479;15;Schleswig-Holstein;Oeste;57051;1994;102287;275420;0,0;41,5;7,4;1,1;39,6;8,3
480;15;Schleswig-Holstein;Oeste;59019;1995;102193;274300;0,0;41,5;7,4;1,1;39,6;8,3
481;15;Schleswig-Holstein;Oeste;60014;1996;113083;287660;0,0;41,5;7,4;1,1;39,6;8,3
482;15;Schleswig-Holstein;Oeste;61350;1997;126844;290800;0,0;41,5;7,4;1,1;39,6;8,3
483;15;Schleswig-Holstein;Oeste;62192;1998;128434;277290;0,0;35,7;7,6;1,5;45,4;6,5
484;15;Schleswig-Holstein;Oeste;63053;1999;122123;273510;0,0;35,7;7,6;1,5;45,4;6,5
485;15;Schleswig-Holstein;Oeste;64399;2000;114372;269200;0,0;35,7;7,6;1,5;45,4;6,5
486;15;Schleswig-Holstein;Oeste;66343;2001;116194;256810;0,0;35,7;7,6;1,5;45,4;6,5
487;15;Schleswig-Holstein;Oeste;65417;2002;121630;249150;0,0;36,0;8,0;1,3;42,9;9,4
488;15;Schleswig-Holstein;Oeste;66149;2003;136139;242150;0,0;36,0;8,0;1,3;42,9;9,4
489;15;Schleswig-Holstein;Oeste;67530;2004;137808;240900;0,0;36,0;8,0;1,3;42,9;9,4
490;15;Schleswig-Holstein;Oeste;68106;2005;161524;230270;0,0;36,4;10,1;4,6;38,2;8,4
491;15;Schleswig-Holstein;Oeste;70064;2006;140824;226860;0,0;36,4;10,1;4,6;38,2;8,4
492;15;Schleswig-Holstein;Oeste;71755;2007;119037;229610;0,0;36,4;10,1;4,6;38,2;8,4
493;15;Schleswig-Holstein;Oeste;73974;2008;107326;226780;0,0;36,4;10,1;4,6;38,2;8,4
494;15;Schleswig-Holstein;Oeste;72039;2009;110373;219230;0,0;32,2;16,3;7,9;26,8;12,7
495;15;Schleswig-Holstein;Oeste;73666;2010;107176;225780;0,0;32,2;16,3;7,9;26,8;12,7
496;15;Schleswig-Holstein;Oeste;76633;2011;103714;213310;0,0;32,2;16,3;7,9;26,8;12,7
497;15;Schleswig-Holstein;Oeste;79364;2012;100051;220050;0,0;32,2;16,3;7,9;26,8;12,7
498;15;Schleswig-Holstein;Oeste;80405;2013;101751;218220;4,6;39,2;5,6;5,2;31,5;9,4
499;15;Schleswig-Holstein;Oeste;83148;2014;100957;227930;4,6;39,2;5,6;5,2;31,5;9,4
500;15;Schleswig-Holstein;Oeste;85223;2015;97850;235490;4,6;39,2;5,6;5,2;31,5;9,4
501;15;Schleswig-Holstein;Oeste;87839;2016;94977;254200;4,6;39,2;5,6;5,2;31,5;9,4
502;15;Schleswig-Holstein;Oeste;93295;2017;92434;250660;8,2;34,0;12,6;7,3;23,3;12,0
503;15;Schleswig-Holstein;Oeste;95819;2018;85053;252360;8,2;34,0;12,6;7,3;23,3;12,0
504;15;Schleswig-Holstein;Oeste;100226;2019;79678;246530;8,2;34,0;12,6;7,3;23,3;12,0
505;15;Schleswig-Holstein;Oeste;99888;2020;92140;243850;8,2;34,0;12,6;7,3;23,3;12,0
506;15;Schleswig-Holstein;Oeste;105676;2021;88865;252980;6,8;22,0;12,5;3,6;28,0;18,3
507;15;Schleswig-Holstein;Oeste;117111;2022;81564;239530;6,8;22,0;12,5;3,6;28,0;18,3
508;15;Schleswig-Holstein;Oeste;122223;2023;87757;221900;6,8;22,0;12,5;3,6;28,0;18,3
509;15;Schleswig-Holstein;Oeste;126829;2024;92493;217600;6,8;22,0;12,5;3,6;28,0;18,3
510;16;Turingia;Este;17178;1991;147963;174700;0,0;45,2;14,6;8,3;21,9;6,1
511;16;Turingia;Este;22905;1992;192748;146150;0,0;45,2;14,6;8,3;21,9;6,1
512;16;Turingia;Este;28054;1993;192939;133070;0,0;45,2;14,6;8,3;21,9;6,1
513;16;Turingia;Este;32745;1994;190405;127210;0,0;41,0;4,1;17,2;30,2;4,9
514;16;Turingia;Este;34499;1995;172149;137880;0,0;41,0;4,1;17,2;30,2;4,9
515;16;Turingia;Este;35805;1996;191013;152650;0,0;41,0;4,1;17,2;30,2;4,9
516;16;Turingia;Este;36859;1997;217675;164750;0,0;41,0;4,1;17,2;30,2;4,9
517;16;Turingia;Este;37915;1998;209275;166070;0,0;28,9;3,4;21,2;34,5;3,9
518;16;Turingia;Este;39385;1999;189436;169260;0,0;28,9;3,4;21,2;34,5;3,9
519;16;Turingia;Este;40015;2000;193663;175770;0,0;28,9;3,4;21,2;34,5;3,9
520;16;Turingia;Este;41115;2001;194131;173510;0,0;28,9;3,4;21,2;34,5;3,9
521;16;Turingia;Este;41672;2002;201157;170070;0,0;29,4;5,9;17,0;39,9;4,3
522;16;Turingia;Este;42569;2003;210664;169110;0,0;29,4;5,9;17,0;39,9;4,3
523;16;Turingia;Este;43517;2004;207430;173100;0,0;29,4;5,9;17,0;39,9;4,3
524;16;Turingia;Este;43580;2005;209941;167130;0,0;25,7;7,9;26,1;29,8;4,8
525;16;Turingia;Este;45469;2006;188453;164020;0,0;25,7;7,9;26,1;29,8;4,8
526;16;Turingia;Este;47443;2007;158498;171760;0,0;25,7;7,9;26,1;29,8;4,8
527;16;Turingia;Este;47986;2008;134884;173320;0,0;25,7;7,9;26,1;29,8;4,8
528;16;Turingia;Este;46194;2009;136029;168540;0,0;31,2;9,8;28,8;17,6;6,0
529;16;Turingia;Este;48854;2010;117069;175270;0,0;31,2;9,8;28,8;17,6;6,0
530;16;Turingia;Este;51682;2011;104174;170730;0,0;31,2;9,8;28,8;17,6;6,0
531;16;Turingia;Este;52309;2012;99316;173420;0,0;31,2;9,8;28,8;17,6;6,0
532;16;Turingia;Este;54273;2013;95858;174260;6,2;38,8;2,6;23,4;16,1;4,9
533;16;Turingia;Este;57025;2014;90160;178870;6,2;38,8;2,6;23,4;16,1;4,9
534;16;Turingia;Este;58407;2015;85212;179340;6,2;38,8;2,6;23,4;16,1;4,9
535;16;Turingia;Este;60182;2016;77215;184750;6,2;38,8;2,6;23,4;16,1;4,9
536;16;Turingia;Este;62203;2017;68614;181320;22,7;28,8;7,8;16,9;13,2;4,1
537;16;Turingia;Este;63247;2018;62145;174370;22,7;28,8;7,8;16,9;13,2;4,1
538;16;Turingia;Este;64916;2019;59065;166470;22,7;28,8;7,8;16,9;13,2;4,1
539;16;Turingia;Este;63946;2020;66678;159910;22,7;28,8;7,8;16,9;13,2;4,1
540;16;Turingia;Este;66880;2021;62249;153770;24,0;16,9;9,0;11,4;23,4;6,6
541;16;Turingia;Este;71506;2022;58172;141310;24,0;16,9;9,0;11,4;23,4;6,6
542;16;Turingia;Este;76786;2023;64978;129520;24,0;16,9;9,0;11,4;23,4;6,6
543;16;Turingia;Este;78150;2024;68768;118030;24,0;16,9;9,0;11,4;23,4;6,6
